<GUI onOpen="onOpen" onClose="onClose" onCreate="onCreate">
    <GuiElement profile="newLayer"/>
    <Bitmap profile="dialogFullscreenBg" id="dialogBg"/>

    <GuiElement profile="ads_dialogBg" id="dialogElement">
        <ThreePartBitmap profile="fs25_dialogBgMiddle"/>
        <ThreePartBitmap profile="fs25_dialogBgTop"/>
        <ThreePartBitmap profile="fs25_dialogBgBottom"/>
        
        <GuiElement profile="fs25_dialogContentContainer">
            <GuiElement profile="fs25_menuHeaderPanel" absoluteSizeOffset="0px 0px">
                <Bitmap profile="fs25_menuHeaderIconBg">
                    <Bitmap profile="fs25_menuHeaderIcon" imageSliceId="gui.icon_vehicleDealer_machines" />
                </Bitmap>
                    <Text profile="fs25_menuHeaderTitle" id="headerText" text="$l10n_ads_ws_header_title"/>
                <RoundCorner profile="fs25_shopMoneyBoxBg" id="moneyBoxBg"/>
                <BoxLayout profile="fs25_shopMoneyBox" id="moneyBox">
                    <Text profile="fs25_shopBalance" text="$l10n_ui_balance" />
                    <Text profile="fs25_shopMoney" id="balanceElement"/>
                </BoxLayout>
            </GuiElement>
            
            <!-- =============================================================== -->
            <!-- VEHICLE INFO                                                    -->
            <!-- =============================================================== -->
            <GuiElement profile="ads_vehicleInfoContainer">
               <ThreePartBitmap profile="ads_containerFrame"/>
                <Bitmap profile="ads_vehicleImage" id="vehicleImage" />
                <Text profile="ads_headerBoldText" id="vehicleNameValue" text="John Deere 1900" position="395px 120px" size="100% 100%"/>

                <Text profile="ads_textBold" id="valueTitle" text="$l10n_ads_ws_label_value" position="395px 240px"/>
                <Text profile="ads_textBold" id="ageTitle" text="$l10n_ads_ws_label_age" position="395px 200px"/>
                <Text profile="ads_textBold" id="operatingHoursTitle" text="$l10n_ads_ws_label_operating_hours" position="395px 160px"/>
                <Text profile="ads_textBold" id="relAndMainTitle" text="$l10n_ads_ws_label_service_interval" position="395px 120px"/>
                <Text profile="ads_textBold" id="lastInspectionTitle" text="$l10n_ads_ws_label_last_maintenance" position="395px 80px"/>
                
                <Text profile="fs25_textDefault" id="valueValue" text="-" position="670px 240px" textBold="false"/>
                <Text profile="fs25_textDefault" id="ageValue" text="-" position="670px 200px"/>
                <Text profile="fs25_textDefault" id="operatingHoursValue" text="-" position="670px 160px"/>
                <Text profile="fs25_textDefault" id="relAndMainValue" text="- / -" position="670px 120px"/>
                <Text profile="fs25_textDefault" id="lastServiceValue" text="-" position="670px 80px"/>

                <Text profile="ads_textBold" id="serviceTitle" text="$l10n_ads_ws_label_service" position="850px 240px"/>
                <Text profile="ads_textBold" id="conditionTitle" text="$l10n_ads_ws_label_condition" position="850px 200px"/>
                <Text profile="ads_textBold" id="powerTitle" text="$l10n_ads_ws_label_current_power" position="850px 160px"/>
                <Text profile="ads_textBold" id="brakeTitle" text="$l10n_ads_ws_label_brake_efficiency" position="850px 120px"/>
                <Text profile="ads_textBold" id="yieldReductionTitle" text="$l10n_ads_ws_label_harvest_efficiency" position="850px 80px"/>

                <Text profile="fs25_textDefault" id="serviceValue" text="-" position="1125px 240px"/>
                <Text profile="fs25_textDefault" id="condtionValue" text="-" position="1125px 200px"/>
                <Text profile="fs25_textDefault" id="powerValue" text="-" position="1125px 160px"/>
                <Text profile="fs25_textDefault" id="brakeValue" text="-" position="1125px 120px"/>
                <Text profile="fs25_textDefault" id="yieldReductionValue" text="-" position="1125px 80px"/>

                <Text profile="fs25_textDefault" id="serviceLastInspectionDeltaValue" text="-" position="1260px 240px" />
                <Text profile="fs25_textDefault" id="condtionLastInspectionDelataValue" text="-" position="1260px 200px" />

                <ThreePartBitmap profile="ads_textSeporator" position="155px 228px" />
                <ThreePartBitmap profile="ads_textSeporator" position="155px 188px" />
                <ThreePartBitmap profile="ads_textSeporator" position="155px 148px" />
                <ThreePartBitmap profile="ads_textSeporator" position="155px 108px" />
            </GuiElement>


            <!-- =============================================================== -->
            <!-- BREAKDOWNS TABLE                                                -->
            <!-- =============================================================== -->
            <GuiElement profile="ads_breakdownTableContainer">
               <ThreePartBitmap profile="ads_containerFrame"/>
                
                <Bitmap profile="ads_tableList" id="tableHeaderBox" position="50px -30px" size="1290px 50px">
                    <Text profile="ads_tableHeaderLeft" position="30px -0px" size="190px 40.77px" text="$l10n_ads_ws_table_header_part"/>
                    <Text profile="ads_tableHeaderLeft" position="230px -0px" size="720px 40.77px" text="$l10n_ads_ws_table_header_description"/>
                    <Text profile="ads_tableHeaderLeft" position="960px -0px" size="110px 40.77px" text="$l10n_ads_ws_table_header_stage"/>
                    <Text profile="ads_tableHeaderLeft" position="1080px -0px" size="100px 40.77px" text="$l10n_ads_ws_table_header_price"/>
                    <Text profile="ads_tableHeaderLeft" position="1190px -0px" size="90px 40.77px" text="$l10n_ads_ws_table_header_repair_select"/>
                    <ThreePartBitmap profile="fs25_lineSeparatorBottom" position="0px 2px" />
                </Bitmap>
                
                <SmoothList profile="ads_tableList" id="breakdownTable" position="50px -85px" size="1290px 320px"  visible="false">
                    <ListItem profile="ads_tableListItem"  name="orderRowTemplate" size="1290px 40.77px" >
                        <Text profile="ads_tableRowCellLeft" position="30px -0px" size="190px 40.77px" name="ads_tableBreakdownName" textLayoutMode="scrolling"/>
                        <Text profile="ads_tableRowCellLeft" position="230px -0px" size="720px 40.77px" name="ads_tableBreakdownDisc" textLayoutMode="scrolling"/>
                        <Text profile="ads_tableRowCellLeft" position="960px -0px" size="110px 40.77px" name="ads_tableBreakdownStage" />
                        <Text profile="ads_tableRowCellLeft" position="1080px -0px" size="100px 40.77px" name="ads_tableBreakdownPrice" />
                        <Button profile="ads_tableRowCellButton" position="1190px -0px" size="90px 40.77px" name="ads_tableBreakdownSelect" onClick="onRowClick" /> 
                    </ListItem>
                </SmoothList>

                <ThreePartBitmap profile="fs25_listSliderBox" position="-50px 0px" size="12px 300px" with="anchorTopRight">
                    <Slider profile="fs25_listSlider"  dataElementId="breakdownTable" id="tableSlider" />
                </ThreePartBitmap>
                <Animation profile="fs25_dialogLoading" id="maintanceInProgressSpinner" size="200px 200px" position="0px 0px"/>
                <Text profile="ads_textHeaderGrey" id="emptyTableText" text="$l10n_ads_ws_info_no_breakdowns" position="0px 210px" size="100% 50px"/>
            </GuiElement>

            <!-- =============================================================== -->`   
            <!-- STATUS PANEL                                                    -->
            <!-- =============================================================== -->
            
            <GuiElement profile="ads_statusBarContainer">
                    <ThreePartBitmap profile="ads_containerFrame"/>
                    <Text profile="emptyPanel" id="statusText" textSize="20px" text="$l10n_ads_ws_status_initial" textColor="1 1 1 1" textAlignment="center"/>
            </GuiElement>
        </GuiElement> 

        <!-- Buttons -->
        <BoxLayout profile="fs25_dialogButtonBox">
            <Button profile="buttonActivate" text="$l10n_ads_ws_button_log" onClick="onClickShowLog" id="showLogButton"/>
            <Button profile="buttonMenuPrev" text="$l10n_ads_ws_action_inspection" onClick="onClickInspection" id="inscpectionButton"/>
            <Button profile="buttonMenuNext" text="$l10n_ads_ws_action_maintenance" onClick="onClickService" id="maintenanceButton"/>
            <Button profile="buttonOK" text="$l10n_button_repair" onClick="onClickRepair" id="repairButton"/>
            <Button profile="buttonExtra1" text="$l10n_ads_ws_action_overhaul" onClick="onClickOverhaul" id="overhaulButton"/>
            <Button profile="buttonBack" text="$l10n_button_back" onClick="onClickBack" id="backButton"/>
        </BoxLayout>
        
    </GuiElement>


    <!-- =============================================================== -->
    <!-- PROFILES              -->
    <!-- =============================================================== -->
    <GUIProfiles>

        <Presets>
            <Preset name="colorWhite" value="1 1 1 1"/>
            <Preset name="colorListHeaderBackground" value="0 0 0 0.35" />
            <Preset name="colorBalanceGreen" value="0.659 0.847 0.286 1"/>
        </Presets>

        <Profile name="ads_dialogBg" extends="fs25_dialogBg">
            <width value="1440px"/>
            <height value="900px"/> 
        </Profile>

        <Profile name="ads_vehicleInfoContainer" extends="emptyPanel" with="anchorTopCenter">
            <size value="1410px 350px"/>
            <position value="0px 0px"/>
        </Profile>

        <Profile name="ads_breakdownTableContainer" extends="emptyPanel" with="anchorTopStretchingX">
            <size value="1410px 470px"/>
            <position value="0px -300px"/>
        </Profile>

        <Profile name="ads_statusBarContainer" extends="emptyPanel" with="anchorTopStretchingX">
            <size value="1410px 80px"/>
            <position value="0px -730px"/>
        </Profile>
        
        <Profile name="ads_vehicleImage" extends="baseReference" with="anchorMiddleLeft">
            <position value="40px 60px"/>
            <size value="300px 300px"/>
            <imageSliceId value="noSlice"/>
        </Profile>

        <Profile name="ads_textSeporator" extends="baseReference" with="anchorBottomCenter">
            <size value="950px 1dp" />
            <absoluteSizeOffset value="0px 0px" />
            <imageColor value="$preset_fs25_colorGreyLight_50" />
            <startImageSize value="30px 0px" />
            <startImageSliceId value="gui.list_divider" />
            <endImageSize value="0px 0px" />
            <endImageInvertX value="true" />
            <endImageSliceId value="gui.list_divider" />
        </Profile>

        <Profile name="ads_headerBoldText" extends="fs25_textDefault" with="anchorStretchingYLeft">
            <textSize value="24px" />
            <textBold value="true" />
            <textUpperCase value="true" />
            <textOffset value="0px 0px" />
            <textColor value="$preset_colorWhite_50" />
        </Profile>

        <Profile name="ads_textBold" extends="fs25_textDefault">
            <textBold value="true" />
        </Profile>

        <Profile name="ads_textHeaderGrey" extends="fs25_textDefault">
            <textBold value="true" />
            <textSize value="20px" />
            <textColor value="$preset_colorDisabled"/>
            <textAlignment value="center"/>
        </Profile>

        <Profile name="ads_tableHeaderLeft" extends="baseReference">
            <imageColor value="0 0 0 0" />
            <textFocusedColor value="$preset_fs25_colorMainHighlight" />
            <textHighlightedColor value="$preset_fs25_colorMainHighlight" />
            <textSize value="16px" />
            <textBold value="true" />
            <textUpperCase value="true" />
            <textColor value="$preset_colorWhite_50" />
            <textAlignment value="left" />
            <textDisabledColor value="$preset_colorDisabled" />
        </Profile>

        <Profile name="ads_tableList" extends="emptyPanel" with="anchorStretchingYLeft pivotTopLeft">
        </Profile>
        
        <Profile name="ads_tableListItem" extends="baseReference" with="anchorTopStretchingX alternating">
            <height value="32px"/>
            <textSelectedColor value="$preset_fs25_colorMainLight" />
            <imageColor value="$preset_fs25_colorGrey" />
            <alternateBackgroundColor value="$preset_fs25_colorGreyDark_50" />
        </Profile> 

        <Profile name="ads_tableRowCellLeft" extends="baseReference" with="anchorStretchingYLeft">
            <textBold value="false" />
            <textSize value="16px" />
            <textAlignment value="left" />
            <textColor value="$preset_fs25_colorMainLight" />
            <textDisabledColor value="$preset_colorDisabled" />
        </Profile>

        <Profile name="ads_tableRowCellLeftUpper" extends="baseReference" with="anchorStretchingYLeft">
            <textBold value="false" />
            <textSize value="16px" />
            <textUpperCase value="true" />
            <textAlignment value="left" />
            <textColor value="$preset_fs25_colorMainLight" />
            <textDisabledColor value="$preset_colorDisabled" />
        </Profile>

        <Profile name="ads_tableRowCellButton" extends="emptyPanel" with="anchorStretchingYLeft">
            <size value="90px 32px"/>
            <focusOnHighlight value="true"/>
            <textResizeWidth value="200px"/>
            <textSize value="16px"/>
            <iconColor value="$preset_fs25_colorMainDark"/>
            <iconFocusedColor value="$preset_colorTransparent"/>
            <iconTextOffset value="30px 0px"/>
            <iconHighlightedColor value="$preset_colorTransparent"/>
            <textBold value="true"/>
            <textUpperCase value="true"/>
            <textAlignment value="center"/>
            <textColor value="$preset_fs25_colorMainLight"/>
            <textFocusedColor value="$preset_fs25_colorMainLight"/>
            <textDisabledColor value="$preset_colorDisabled"/>
        </Profile>

        <Profile name="ads_containerFrame" extends="baseReference" with="anchorTopStretchingX">    
            <size value="100% 100%"/>
            <imageSliceId value="gui.savegame_middle"/>
            <imageSelectedSliceId value="gui.savegame_selected_middle"/>
            <imageHighlightedSliceId value="gui.savegame_hover_middle"/>
            <startImageSize value="20px 0"/>
            <startImageSliceId value="gui.savegame_left"/>
            <startImageSelectedSliceId value="gui.savegame_selected_left"/>
            <startImageHighlightedSliceId value="gui.savegame_hover_left"/>
            <endImageSize value="20px 0"/>
            <endImageSliceId value="gui.savegame_right"/>
            <endImageSelectedSliceId value="gui.savegame_selected_right"/>
            <endImageHighlightedSliceId value="gui.savegame_hover_right"/>
        </Profile>

        <Profile name="shopListAttributeIconReliability" extends="shopListAttributeIconLifeTime">
            <imageSliceId value="ads_DashboardHud.reliability"/>
        </Profile>
        <Profile name="shopConfigAttributeIconReliability" extends="shopConfigAttributeIconCapacity">
            <imageSliceId value="ads_DashboardHud.reliability"/>
        </Profile>
        <Profile name="shopListAttributeIconMaintainability" extends="shopListAttributeIconLifeTime">
            <imageSliceId value="ads_DashboardHud.maintainability"/>
        </Profile>
        <Profile name="shopConfigAttributeIconMaintainability" extends="shopConfigAttributeIconCapacity">
            <imageSliceId value="ads_DashboardHud.maintainability"/>
        </Profile>

    </GUIProfiles>
</GUI>