<?xml version="1.0" encoding="utf-8" standalone="no" ?>
<sounds>
    <starter file="sounds/starter.ogg" linkNode="0" innerRadius="7.0" outerRadius="60.0" >
        <volume indoor="2.0" outdoor="2.1" />
        <pitch indoor="1.0" outdoor="1.0" />
        <lowpassGain indoor="0.5" outdoor="1.0" />
        <lowpassCutoffFrequency indoor="700" outdoor="20000.0" />
        <lowpassResonance indoor="1.0" outdoor="1.0"/>
    </starter>
    <alarm file="sounds/alarm.ogg" linkNode="0" innerRadius="7.0" outerRadius="60.0" >
        <volume indoor="1.5" outdoor="1.6" />
        <pitch indoor="1.0" outdoor="1.0" />
        <lowpassGain indoor="1.0" outdoor="1.0" />
        <lowpassCutoffFrequency indoor="20000.0" outdoor="20000.0" />
        <lowpassResonance indoor="1.0" outdoor="1.0"/>
    </alarm>
	<transmissionShiftFailed1 file="sounds/transmissionShiftFailed_1.ogg" linkNode="0" innerRadius="7.0" outerRadius="60.0" >
        <volume indoor="2.0" outdoor="2.1" />
        <pitch indoor="1.0" outdoor="1.0" />
        <lowpassGain indoor="0.5" outdoor="1.0" />
        <lowpassCutoffFrequency indoor="700" outdoor="20000.0" />
        <lowpassResonance indoor="1.0" outdoor="1.0"/>
    </transmissionShiftFailed1>
    <transmissionShiftFailed2 file="sounds/transmissionShiftFailed_2.ogg" linkNode="0" innerRadius="7.0" outerRadius="60.0" >
        <volume indoor="2.2" outdoor="2.3" />
        <pitch indoor="1.0" outdoor="1.0" />
        <lowpassGain indoor="0.5" outdoor="1.0" />
        <lowpassCutoffFrequency indoor="700" outdoor="20000.0" />
        <lowpassResonance indoor="1.0" outdoor="1.0"/>
    </transmissionShiftFailed2>
    <transmissionShiftFailed3 file="sounds/transmissionShiftFailed_3.ogg" linkNode="0" innerRadius="7.0" outerRadius="60.0" >
        <volume indoor="2.1" outdoor="2.2" />
        <pitch indoor="1.0" outdoor="1.0" />
        <lowpassGain indoor="0.5" outdoor="1.0" />
        <lowpassCutoffFrequency indoor="700" outdoor="20000.0" />
        <lowpassResonance indoor="1.0" outdoor="1.0"/>
    </transmissionShiftFailed3>
    <brakes1 file="sounds/brakes_1.ogg" linkNode="0" innerRadius="7.0" outerRadius="60.0" >
        <volume indoor="0.4" outdoor="0.45" />
        <pitch indoor="1.0" outdoor="1.0" />
        <lowpassGain indoor="0.5" outdoor="1.0" />
        <lowpassCutoffFrequency indoor="700" outdoor="20000.0" />
        <lowpassResonance indoor="1.0" outdoor="1.0"/>
    </brakes1>
    <brakes2 file="sounds/brakes_2.ogg" linkNode="0" innerRadius="7.0" outerRadius="60.0" >
        <volume indoor="0.4" outdoor="0.45" />
        <pitch indoor="1.0" outdoor="1.0" />
        <lowpassGain indoor="0.5" outdoor="1.0" />
        <lowpassCutoffFrequency indoor="700" outdoor="20000.0" />
        <lowpassResonance indoor="1.0" outdoor="1.0"/>
    </brakes2>
    <brakes3 file="sounds/brakes_3.ogg" linkNode="0" innerRadius="7.0" outerRadius="60.0" >
        <volume indoor="0.4" outdoor="0.45" />
        <pitch indoor="1.0" outdoor="1.0" />
        <lowpassGain indoor="0.5" outdoor="1.0" />
        <lowpassCutoffFrequency indoor="700" outdoor="20000.0" />
        <lowpassResonance indoor="1.0" outdoor="1.0"/>
    </brakes3>
    <turbocharger1 file="sounds/turbocharger_1.ogg" linkNode="0" innerRadius="7.0" outerRadius="60.0" >
        <volume indoor="0.22" outdoor="0.25" />
        <pitch indoor="1.0" outdoor="1.0" />
        <lowpassGain indoor="0.5" outdoor="1.0" />
        <lowpassCutoffFrequency indoor="700" outdoor="20000.0" />
        <lowpassResonance indoor="1.0" outdoor="1.0"/>
    </turbocharger1>
    <turbocharger2 file="sounds/turbocharger_2.ogg" linkNode="0" innerRadius="7.0" outerRadius="60.0" >
        <volume indoor="0.22" outdoor="0.25" />
        <pitch indoor="1.0" outdoor="1.0" />
        <lowpassGain indoor="0.5" outdoor="1.0" />
        <lowpassCutoffFrequency indoor="700" outdoor="20000.0" />
        <lowpassResonance indoor="1.0" outdoor="1.0"/>
    </turbocharger2>
    <turbocharger3 file="sounds/turbocharger_3.ogg" linkNode="0" innerRadius="7.0" outerRadius="60.0" >
        <volume indoor="0.22" outdoor="0.25" />
        <pitch indoor="1.0" outdoor="1.0" />
        <lowpassGain indoor="0.5" outdoor="1.0" />
        <lowpassCutoffFrequency indoor="700" outdoor="20000.0" />
        <lowpassResonance indoor="1.0" outdoor="1.0"/>
    </turbocharger3>
    <turbocharger4 file="sounds/turbocharger_4.ogg" linkNode="0" innerRadius="7.0" outerRadius="60.0" >
        <volume indoor="0.22" outdoor="0.25" />
        <pitch indoor="1.0" outdoor="1.0" />
        <lowpassGain indoor="0.5" outdoor="1.0" />
        <lowpassCutoffFrequency indoor="700" outdoor="20000.0" />
        <lowpassResonance indoor="1.0" outdoor="1.0"/>
    </turbocharger4>
    <gearDisengage1 file="sounds/gearDisengage_1.ogg" linkNode="0" innerRadius="7.0" outerRadius="60.0" >
        <volume indoor="1.1" outdoor="1.0" />
        <pitch indoor="1.0" outdoor="1.0" />
        <lowpassGain indoor="0.5" outdoor="1.0" />
        <lowpassCutoffFrequency indoor="700" outdoor="20000.0" />
        <lowpassResonance indoor="1.0" outdoor="1.0"/>
    </gearDisengage1>
    <maintenanceCompleted file="sounds/maintenanceCompleted.ogg" linkNode="0" innerRadius="9999999.0" outerRadius="9999999.0" >
        <volume indoor="1.0" outdoor="1.0" />
        <pitch indoor="1.0" outdoor="1.0" />
        <lowpassGain indoor="1.0" outdoor="1.0" />
        <lowpassCutoffFrequency indoor="20000.0" outdoor="20000.0" />
        <lowpassResonance indoor="1.0" outdoor="1.0"/>
    </maintenanceCompleted>
</sounds>